{
	// ----- Data Select Sprites ----- //

	// Character selection icons
	"dataSel_character_sonic&tails":  { "File": "dataSel_character_sonic&tails.png", "Rect": "0,0,56,42", "Center": "24,22" },	// If this doesnt exist, it falls back to "dataSel_character_sonic" and "dataSel_character_tails"
	"dataSel_character_sonic":  { "File": "dataSel_character_sonic.png", "Center": "17,20" },

	// Character life and continue icons in deta select screen
	"dataSel_lifeContinue_sonic":  { "File": "dataSel_lifeContinue.png", "Rect": "2,4,24,40", "Center": "0,0" },

	// Character portraits for finished save files
	"dataSel_savePortrait_sonic":  { "File": "dataSel_savePortrait_sonic.png", "Rect": "0,0,80,56", "Center": "0,0" },
	"dataSel_savePortrait_sonicSuper":  { "File": "dataSel_savePortrait_sonicSuper.png", "Rect": "0,0,80,56", "Center": "0,0" },
	"dataSel_savePortrait_end":  { "File": "dataSel_savePortrait_end.png", "Rect": "0,0,80,56"},

	// Digits for data select lives and continues
	"dataSel_digit_0":  { "File": "dataSel_lifeContinue.png", "Rect": "0,48,8,16", "Center": "0,0" },
	"dataSel_digit_1":  { "File": "dataSel_lifeContinue.png", "Rect": "8,48,8,16", "Center": "0,0" },
	"dataSel_digit_2":  { "File": "dataSel_lifeContinue.png", "Rect": "16,48,8,16", "Center": "0,0" },
	"dataSel_digit_3":  { "File": "dataSel_lifeContinue.png", "Rect": "24,48,8,16", "Center": "0,0" },
	"dataSel_digit_4":  { "File": "dataSel_lifeContinue.png", "Rect": "32,48,8,16", "Center": "0,0" },
	"dataSel_digit_5":  { "File": "dataSel_lifeContinue.png", "Rect": "40,48,8,16", "Center": "0,0" },
	"dataSel_digit_6":  { "File": "dataSel_lifeContinue.png", "Rect": "48,48,8,16", "Center": "0,0" },
	"dataSel_digit_7":  { "File": "dataSel_lifeContinue.png", "Rect": "56,48,8,16", "Center": "0,0" },
	"dataSel_digit_8":  { "File": "dataSel_lifeContinue.png", "Rect": "64,48,8,16", "Center": "0,0" },
	"dataSel_digit_9":  { "File": "dataSel_lifeContinue.png", "Rect": "72,48,8,16", "Center": "0,0" },

	// These arent used.. yet(?)
	"dataSel_lifeContinue_sonic&tails":  { "File": "dataSel_lifeContinue.png", "Rect": "2,4,24,40", "Center": "0,0" },
	"dataSel_lifeContinue_knuckles&tails":  { "File": "dataSel_lifeContinue.png", "Rect": "56,4,24,40", "Center": "0,0" }
}
